changes,new_file,renamed_file,deleted_file,edited_file
-7467257910948230577,,,,x
-2369461973268875310,x,,,
4830427670682130528,,,,x
4532039579069182754,,,,x
-3247514657019673527,,,,x
-6143752595892114764,,,,x
7361577847672698194,,,,x
-606811720574785494,,,,x
8505594899342993216,x,,,
1522805805735262404,,,,x
-6072351681716626404,x,,,
-1901426545407485672,,,,x
4901052965618317889,x,,,
-2094431102868343337,,,,x
3661700103020512783,x,,,
-5476404769532837106,x,,,
-6935385260835073677,,,,x
-4598298317307740577,x,,,
-2317302283732295464,,,,x
-509010681288107727,,,,x
8500612336164843555,,,,x
8638000273218908380,x,,,
-9005986513360500478,,,,x
5528272086623849427,,,,x
